Series Name,Series Code,Country Name,Country Code,2000 [YR2000],2013 [YR2013],2014 [YR2014],2015 [YR2015],2016 [YR2016],2017 [YR2017],2018 [YR2018],2019 [YR2019],2020 [YR2020],2021 [YR2021],2022 [YR2022]
Political Stability and Absence of Violence/Terrorism: Estimate,PV.EST,Afghanistan,AFG,-2.43896889686584,-2.51934909820557,-2.41106843948364,-2.56262516975403,-2.6621561050415,-2.79497361183167,-2.75326204299927,-2.65240693092346,-2.70263171195984,-2.51853036880493,-2.5508017539978
Political Stability and Absence of Violence/Terrorism: Estimate,PV.EST,Albania,ALB,-0.539989590644836,0.0919297859072685,0.485986232757568,0.341639041900635,0.337447881698608,0.373769819736481,0.366642981767654,0.110049679875374,0.0885764509439468,0.196294024586678,0.114945493638515
Political Stability and Absence of Violence/Terrorism: Estimate,PV.EST,Algeria,DZA,-1.43257737159729,-1.20237147808075,-1.19053518772125,-1.09078657627106,-1.09974193572998,-0.919614136219025,-0.842121779918671,-1.05582988262177,-0.847814321517944,-0.992437243461609,-0.741771519184113
Political Stability and Absence of Violence/Terrorism: Estimate,PV.EST,American Samoa,ASM,..,0.928985774517059,1.08068346977234,1.15167808532715,1.15855598449707,1.18432199954987,1.16608023643494,1.14571797847748,1.09160161018372,1.06857633590698,1.12885904312134
Political Stability and Absence of Violence/Terrorism: Estimate,PV.EST,Andorra,AND,1.16698145866394,1.28392601013184,1.28659331798553,1.36598539352417,1.38275027275085,1.39288794994354,1.39100873470306,1.57721149921417,1.58857178688049,1.58106744289398,1.58773648738861
Political Stability and Absence of Violence/Terrorism: Estimate,PV.EST,Angola,AGO,-2.03817391395569,-0.39123347401619,-0.333232045173645,-0.50538581609726,-0.321580082178116,-0.38913482427597,-0.347750902175903,-0.370094686746597,-0.600726008415222,-0.709369480609894,-0.646240890026093
Political Stability and Absence of Violence/Terrorism: Estimate,PV.EST,Anguilla,AIA,..,1.53397953510284,1.16425490379333,1.22000181674957,1.28404271602631,1.3583892583847,1.25483727455139,1.31690859794617,1.50374293327332,1.528599858284,1.12885904312134
Political Stability and Absence of Violence/Terrorism: Estimate,PV.EST,Antigua and Barbuda,ATG,0.713235020637512,0.958863377571106,0.984550714492798,0.987564265727997,0.859249651432037,0.732059717178345,0.822919726371765,0.937967896461487,0.929504930973053,0.949530005455017,0.94386225938797
Political Stability and Absence of Violence/Terrorism: Estimate,PV.EST,Argentina,ARG,0.0958238765597343,0.0653142631053925,-0.00512187136337161,0.00876413471996784,0.197749897837639,0.162541434168816,0.00680991401895881,-0.0978643074631691,-0.0720262452960014,0.000468279235064983,-0.00916328188031912
Political Stability and Absence of Violence/Terrorism: Estimate,PV.EST,Armenia,ARM,-0.68286794424057,0.11038514226675,-0.297135800123215,-0.256798654794693,-0.667951107025146,-0.626211225986481,-0.451120525598526,-0.420044243335724,-0.77164226770401,-0.804036557674408,-0.797183930873871
Political Stability and Absence of Violence/Terrorism: Estimate,PV.EST,Aruba,ABW,..,1.31222629547119,1.16456782817841,1.21023952960968,1.26075851917267,1.31384432315826,1.33727550506592,1.33566856384277,1.37149739265442,1.4315470457077,1.47468435764313
Political Stability and Absence of Violence/Terrorism: Estimate,PV.EST,Australia,AUS,1.33396470546722,1.03107297420502,1.03219199180603,0.873180687427521,1.0334244966507,0.876146674156189,0.97081196308136,0.917313098907471,0.861676931381226,0.835315883159637,0.933572053909302
Political Stability and Absence of Violence/Terrorism: Estimate,PV.EST,Austria,AUT,0.822056412696838,1.36410057544708,1.27070045471191,1.12933051586151,0.8921759724617,1.02962338924408,0.884671747684479,0.892080426216125,0.887528836727142,0.899418652057648,0.637995362281799
Political Stability and Absence of Violence/Terrorism: Estimate,PV.EST,Azerbaijan,AZE,-0.829794764518738,-0.412859916687012,-0.559909522533417,-0.733916640281677,-0.808908820152283,-0.751900970935822,-0.711426675319672,-0.693412125110626,-0.852247476577759,-0.83781635761261,-0.931885719299316
Political Stability and Absence of Violence/Terrorism: Estimate,PV.EST,"Bahamas, The",BHS,1.2795318365097,1.13482463359833,0.956470131874084,0.89498245716095,0.959943354129791,0.976761102676392,0.84756064414978,0.801466107368469,0.830237448215485,0.850836753845215,0.883432567119598
Political Stability and Absence of Violence/Terrorism: Estimate,PV.EST,Bahrain,BHR,0.0562669634819031,-1.33541774749756,-0.907474875450134,-1.06826269626617,-0.792700231075287,-0.958746016025543,-0.846307814121246,-0.62683516740799,-0.610109269618988,-0.524779736995697,-0.407028496265411
Political Stability and Absence of Violence/Terrorism: Estimate,PV.EST,Bangladesh,BGD,-0.726261258125305,-1.62785887718201,-0.895563185214996,-1.20977377891541,-1.25973296165466,-1.253626704216,-0.985568642616272,-0.928613364696503,-0.915807783603668,-1.03663277626038,-1.09237110614777
Political Stability and Absence of Violence/Terrorism: Estimate,PV.EST,Barbados,BRB,1.15119981765747,1.26692914962769,1.2779198884964,1.11682772636414,0.960008144378662,0.95252388715744,0.900504648685455,1.03281283378601,1.12057745456696,1.11841666698456,1.15202713012695
Political Stability and Absence of Violence/Terrorism: Estimate,PV.EST,Belarus,BLR,0.139502242207527,0.00595916621387005,0.179782152175903,0.110905699431896,0.135706260800362,-0.057209238409996,0.353457748889923,0.344906747341156,-0.887608170509338,-0.754245221614838,-0.79387354850769
Political Stability and Absence of Violence/Terrorism: Estimate,PV.EST,Belgium,BEL,1.12981116771698,0.940082728862762,0.701269447803497,0.577092111110687,0.429606109857559,0.417606323957443,0.39363044500351,0.45831623673439,0.521023035049438,0.662566304206848,0.575668811798096
Political Stability and Absence of Violence/Terrorism: Estimate,PV.EST,Belize,BLZ,0.184220716357231,0.176189258694649,0.0485830754041672,0.0372595116496086,0.0521895512938499,0.0304035153239965,-0.0022222048137337,0.0619343854486942,0.518612146377563,0.272381901741028,0.426349759101868
Political Stability and Absence of Violence/Terrorism: Estimate,PV.EST,Benin,BEN,0.799652576446533,0.301189363002777,0.027139762416482,-0.0204964224249125,-0.00878350250422955,0.0262518860399723,-0.1470747590065,-0.42025950551033,-0.443083792924881,-0.396347790956497,-0.349461376667023
Political Stability and Absence of Violence/Terrorism: Estimate,PV.EST,Bermuda,BMU,0.713235020637512,0.970303058624268,0.913897812366486,0.961817383766174,0.975613653659821,0.981489479541779,1.13303458690643,1.0513995885849,1.00336503982544,1.00239610671997,1.03453397750854
Political Stability and Absence of Violence/Terrorism: Estimate,PV.EST,Bhutan,BTN,0.491936683654785,0.784624874591827,1.06803858280182,0.960772633552551,1.1060882806778,1.10279309749603,1.07745289802551,1.0653510093689,1.01341140270233,0.797127723693848,0.86481773853302
Political Stability and Absence of Violence/Terrorism: Estimate,PV.EST,Bolivia,BOL,-0.23706117272377,-0.32859343290329,-0.333112090826035,-0.270498692989349,-0.25367596745491,-0.280111223459244,-0.286690950393677,-0.728338599205017,-0.453478872776031,-0.278813034296036,-0.283260941505432
Political Stability and Absence of Violence/Terrorism: Estimate,PV.EST,Bosnia and Herzegovina,BIH,-0.52839332818985,-0.404944121837616,-0.0191790424287319,-0.404167622327805,-0.402664005756378,-0.351470172405243,-0.400912255048752,-0.4248306453228,-0.447489053010941,-0.421767115592957,-0.439371019601822
Political Stability and Absence of Violence/Terrorism: Estimate,PV.EST,Botswana,BWA,1.07435250282288,1.10234701633453,1.01184713840485,1.03136825561523,0.979198038578033,1.00929439067841,0.958273768424988,1.09520745277405,1.01309037208557,1.04125964641571,1.07751607894897
Political Stability and Absence of Violence/Terrorism: Estimate,PV.EST,Brazil,BRA,0.18410162627697,-0.258553296327591,-0.070290133357048,-0.331864446401596,-0.381035059690475,-0.480093955993652,-0.459640145301819,-0.714393615722656,-0.445607244968414,-0.419696539640427,-0.331465899944305
Political Stability and Absence of Violence/Terrorism: Estimate,PV.EST,Brunei Darussalam,BRN,1.30202329158783,1.07402229309082,1.26150703430176,1.23371255397797,1.14201784133911,1.1534252166748,1.2358136177063,1.11096370220184,1.18799841403961,1.17165172100067,1.25736796855927
Political Stability and Absence of Violence/Terrorism: Estimate,PV.EST,Bulgaria,BGR,0.377964615821838,0.170710384845734,0.0785408988595009,0.010424641892314,0.0682793706655502,0.321378797292709,0.444267064332962,0.56119829416275,0.40158087015152,0.364647597074509,0.246252059936523
Political Stability and Absence of Violence/Terrorism: Estimate,PV.EST,Burkina Faso,BFA,0.059820331633091,-0.763390123844147,-0.787128567695618,-0.609127342700958,-0.868710696697235,-0.927885591983795,-1.06025648117065,-1.30215322971344,-1.53794133663177,-1.64286971092224,-1.7825174331665
Political Stability and Absence of Violence/Terrorism: Estimate,PV.EST,Burundi,BDI,-2.01407074928284,-1.35027754306793,-0.784407138824463,-1.93744611740112,-1.96437513828278,-2.00257396697998,-1.57021856307983,-1.62499344348907,-1.54231476783752,-1.25835752487183,-1.18886947631836
Political Stability and Absence of Violence/Terrorism: Estimate,PV.EST,Cabo Verde,CPV,1.22359979152679,0.777999877929688,0.350779145956039,0.855819821357727,0.871190190315247,0.762864291667938,0.833078503608704,0.8595210313797,0.874160885810852,0.894233107566834,0.929428398609161
Political Stability and Absence of Violence/Terrorism: Estimate,PV.EST,Cambodia,KHM,-0.776030659675598,-0.136436149477959,0.0231748018413782,0.0633481442928314,0.206190809607506,0.0935089886188507,0.11081126332283,-0.0755313858389854,-0.209088623523712,-0.131573155522346,-0.0361724458634853
Political Stability and Absence of Violence/Terrorism: Estimate,PV.EST,Cameroon,CMR,-0.564015805721283,-0.53223729133606,-1.05925238132477,-0.989914000034332,-1.06121301651001,-1.09150469303131,-1.40175902843475,-1.56176483631134,-1.51364362239838,-1.39403569698334,-1.35294902324677
Political Stability and Absence of Violence/Terrorism: Estimate,PV.EST,Canada,CAN,1.16752684116364,1.06142175197601,1.17550384998322,1.26233685016632,1.24041163921356,1.08967959880829,0.963774383068085,0.994817912578583,1.01310467720032,0.962195992469788,0.772814035415649
Political Stability and Absence of Violence/Terrorism: Estimate,PV.EST,Cayman Islands,CYM,0.713235020637512,1.01761531829834,1.04634726047516,1.12869369983673,1.14077579975128,1.16260969638824,1.11062347888947,1.40138220787048,1.45637333393097,1.62458038330078,1.64943766593933
Political Stability and Absence of Violence/Terrorism: Estimate,PV.EST,Central African Republic,CAF,-1.12044250965118,-2.15489673614502,-2.69919323921204,-1.89358747005463,-1.77954876422882,-1.99353218078613,-2.1720871925354,-2.13577795028687,-2.23620891571045,-2.1267397403717,-2.16247296333313
Political Stability and Absence of Violence/Terrorism: Estimate,PV.EST,Chad,TCD,-1.13475406169891,-1.08947229385376,-1.56888270378113,-0.973281741142273,-1.30189418792725,-1.28639209270477,-1.47796535491943,-1.35040700435638,-1.25519597530365,-1.38981282711029,-1.48370337486267
Political Stability and Absence of Violence/Terrorism: Estimate,PV.EST,Chile,CHL,0.485464155673981,0.363742530345917,0.447516918182373,0.424871742725372,0.402406215667725,0.406280666589737,0.412628829479218,-0.0161683559417725,0.044010441750288,0.161352157592773,0.118578858673573
Political Stability and Absence of Violence/Terrorism: Estimate,PV.EST,China,CHN,-0.20991687476635,-0.543789923191071,-0.522584021091461,-0.552559673786163,-0.502221345901489,-0.232558473944664,-0.298641502857208,-0.259810864925385,-0.473098784685135,-0.51672887802124,-0.441073626279831
Political Stability and Absence of Violence/Terrorism: Estimate,PV.EST,Colombia,COL,-1.60896074771881,-1.29197180271149,-1.11459410190582,-1.0726637840271,-0.887163996696472,-0.779457688331604,-0.806959629058838,-0.979467272758484,-0.701150596141815,-0.954557538032532,-0.641925930976868
Political Stability and Absence of Violence/Terrorism: Estimate,PV.EST,Comoros,COM,0.022758649662137,-0.256929188966751,-0.186910167336464,-0.244471609592438,0.0220019221305847,0.0224073994904757,-0.361675262451172,-0.176833510398865,-0.28740406036377,-0.228033617138863,-0.230514869093895
Political Stability and Absence of Violence/Terrorism: Estimate,PV.EST,"Congo, Dem. Rep.",COD,-2.47423815727234,-2.19219064712524,-2.16792130470276,-2.1388533115387,-2.22458934783936,-2.33943891525269,-2.0807466506958,-1.62443852424622,-1.78548359870911,-1.65781247615814,-1.97774624824524
Political Stability and Absence of Violence/Terrorism: Estimate,PV.EST,"Congo, Rep.",COG,-0.922982037067413,-0.475050121545792,-0.359291583299637,-0.529127299785614,-0.523459076881409,-0.533614933490753,-0.348402857780457,-0.29930168390274,-0.213065609335899,-0.229479312896729,-0.0169060137122869
Political Stability and Absence of Violence/Terrorism: Estimate,PV.EST,Cook Islands,COK,..,..,..,..,..,..,0.933196067810059,1.12024736404419,1.15194725990295,1.14851522445679,1.15882003307343
Political Stability and Absence of Violence/Terrorism: Estimate,PV.EST,Costa Rica,CRI,0.868542313575745,0.677918016910553,0.577418208122253,0.669974029064178,0.648553013801575,0.597006142139435,0.453240990638733,0.43024280667305,0.746752381324768,0.860289990901947,0.954446792602539
Political Stability and Absence of Violence/Terrorism: Estimate,PV.EST,Cote d'Ivoire,CIV,-1.24080407619476,-1.04872417449951,-1.03716063499451,-0.835078060626984,-0.909238815307617,-1.0911158323288,-0.898008048534393,-1.03647410869598,-1.03320527076721,-0.715018510818481,-0.51637864112854
Political Stability and Absence of Violence/Terrorism: Estimate,PV.EST,Croatia,HRV,0.28022488951683,0.642667889595032,0.619112372398376,0.586513638496399,0.654191136360168,0.681904494762421,0.793498814105988,0.685416102409363,0.607223808765411,0.621482789516449,0.61216127872467
Political Stability and Absence of Violence/Terrorism: Estimate,PV.EST,Cuba,CUB,0.248432531952858,0.370564639568329,0.544822037220001,0.634750008583069,0.6731316447258,0.638509929180145,0.640438854694366,0.610411107540131,0.59608781337738,0.392701923847198,0.49952158331871
Political Stability and Absence of Violence/Terrorism: Estimate,PV.EST,Cyprus,CYP,0.51749986410141,0.563347160816193,0.551882088184357,0.542449116706848,0.593786835670471,0.530973076820374,0.484394073486328,0.544513285160065,0.288732588291168,0.422054201364517,0.418635070323944
Political Stability and Absence of Violence/Terrorism: Estimate,PV.EST,Czechia,CZE,0.332739621400833,1.08477854728699,0.989990472793579,0.970251083374023,0.963384211063385,0.990649342536926,1.02620995044708,0.941883623600006,0.912254869937897,0.947398126125336,0.815441370010376
Political Stability and Absence of Violence/Terrorism: Estimate,PV.EST,Denmark,DNK,1.5010689496994,0.959233462810516,0.951779723167419,0.887059271335602,0.852912425994873,0.854936242103577,0.931788921356201,0.967484951019287,0.920160233974457,0.928524494171143,0.86500883102417
Political Stability and Absence of Violence/Terrorism: Estimate,PV.EST,Djibouti,DJI,-0.241125971078873,-0.102187521755695,-0.770232260227203,-0.447671920061111,-0.628553986549377,-0.73394501209259,-0.133512377738953,-0.343412548303604,-0.448214262723923,-0.56633985042572,-0.508419454097748
Political Stability and Absence of Violence/Terrorism: Estimate,PV.EST,Dominica,DMA,0.486361712217331,1.11985623836517,1.05717813968658,1.05443203449249,0.977663099765778,1.1727751493454,1.06885123252869,1.02982354164124,1.31699824333191,1.33395910263062,1.29823231697083
Political Stability and Absence of Violence/Terrorism: Estimate,PV.EST,Dominican Republic,DOM,0.0129473777487874,0.207428693771362,0.145934492349625,0.227570921182632,0.241259410977364,0.152073189616203,0.0121999448165298,-0.00315993349067867,0.164941698312759,0.287300646305084,0.328113049268723
Political Stability and Absence of Violence/Terrorism: Estimate,PV.EST,Ecuador,ECU,-0.572284936904907,-0.178656712174416,-0.0185332093387842,-0.147344976663589,-0.0917104333639145,-0.0789325907826424,-0.0948107913136482,-0.238249406218529,-0.270263135433197,-0.257427930831909,-0.239295244216919
Political Stability and Absence of Violence/Terrorism: Estimate,PV.EST,"Egypt, Arab Rep.",EGY,0.0497975237667561,-1.63883090019226,-1.63117659091949,-1.49933218955994,-1.43972682952881,-1.42964518070221,-1.18810069561005,-1.12460207939148,-1.18191170692444,-1.03284096717834,-1.02805662155151
Political Stability and Absence of Violence/Terrorism: Estimate,PV.EST,El Salvador,SLV,0.329205334186554,-0.0336589030921459,-0.0245900042355061,-0.0204960480332375,-0.104568757116795,-0.263820618391037,-0.389219522476196,-0.120268002152443,-0.115019135177135,-0.0915462896227837,-0.153124496340752
Political Stability and Absence of Violence/Terrorism: Estimate,PV.EST,Equatorial Guinea,GNQ,-0.0350389443337917,0.120355181396008,-0.374146550893784,-0.207799196243286,-0.146742969751358,-0.172020316123962,-0.0902423709630966,-0.147936090826988,-0.221582889556885,-0.202780559659004,-0.0742535442113876
Political Stability and Absence of Violence/Terrorism: Estimate,PV.EST,Eritrea,ERI,-0.768895208835602,-0.772372126579285,-0.805872619152069,-0.878453433513641,-0.662282407283783,-0.733444392681122,-0.609398245811462,-0.705968618392944,-0.992728471755981,-1.05565702915192,-0.970292985439301
Political Stability and Absence of Violence/Terrorism: Estimate,PV.EST,Estonia,EST,0.902080297470093,0.748215436935425,0.780257880687714,0.613857269287109,0.662796258926392,0.642369627952576,0.580257713794708,0.630106985569,0.709752976894379,0.74846613407135,0.723720729351044
Political Stability and Absence of Violence/Terrorism: Estimate,PV.EST,Eswatini,SWZ,0.0375185273587704,-0.431911140680313,-0.500559747219086,-0.480209201574326,-0.494323074817657,-0.270877748727798,-0.377810627222061,-0.274407118558884,-0.0405771993100643,-0.346043050289154,-0.249723330140114
Political Stability and Absence of Violence/Terrorism: Estimate,PV.EST,Ethiopia,ETH,-0.946032106876373,-1.40730738639832,-1.3393874168396,-1.49694204330444,-1.61724519729614,-1.67722964286804,-1.27457964420319,-1.30372190475464,-1.75365614891052,-2.18371319770813,-2.03806757926941
Political Stability and Absence of Violence/Terrorism: Estimate,PV.EST,Fiji,FJI,0.301403164863586,-0.0510276891291142,0.553164601325989,0.569660663604736,0.897029459476471,0.586045205593109,0.833207309246063,0.779773771762848,0.661915123462677,0.724108815193176,0.764339506626129
Political Stability and Absence of Violence/Terrorism: Estimate,PV.EST,Finland,FIN,1.72011208534241,1.38517248630524,1.28219723701477,1.02799820899963,0.982591867446899,1.06380665302277,0.891700327396393,0.835154116153717,0.981748819351196,0.963134944438934,0.891491711139679
Political Stability and Absence of Violence/Terrorism: Estimate,PV.EST,France,FRA,0.785089075565338,0.448744118213654,0.300568491220474,0.0977598056197166,-0.106349594891071,0.265700727701187,0.0137935001403093,0.271274894475937,0.280948132276535,0.32552382349968,0.334524124860764
Political Stability and Absence of Violence/Terrorism: Estimate,PV.EST,French Guiana,GUF,0.0326152145862579,0.218277126550674,0.527634024620056,0.559771299362183,0.538475215435028,0.492239534854889,0.514202237129211,0.24384617805481,0.316747218370438,0.327672392129898,0.331466466188431
Political Stability and Absence of Violence/Terrorism: Estimate,PV.EST,Gabon,GAB,0.640210628509521,0.330102741718292,0.149542808532715,0.0152472918853164,-0.110105983912945,-0.105891399085522,-0.257414042949677,-0.0751413851976395,-0.0658019334077835,-0.0757728293538094,0.0698951333761215
Political Stability and Absence of Violence/Terrorism: Estimate,PV.EST,"Gambia, The",GMB,0.533818602561951,-0.04863640666008,-0.151400715112686,0.0162476319819689,-0.442044198513031,-0.0948314443230629,-0.0875868499279022,0.214429125189781,0.247992232441902,0.0352661535143852,0.0458285696804523
Political Stability and Absence of Violence/Terrorism: Estimate,PV.EST,Georgia,GEO,-0.812726557254791,-0.441366165876389,-0.321507543325424,-0.472153753042221,-0.320115089416504,-0.375215023756027,-0.447616845369339,-0.498185902833939,-0.429623365402222,-0.429646611213684,-0.440949499607086
Political Stability and Absence of Violence/Terrorism: Estimate,PV.EST,Germany,DEU,1.41133570671082,0.92798388004303,0.925186455249786,0.687514960765839,0.667541146278381,0.574380218982697,0.577707588672638,0.548454642295837,0.644988059997559,0.725666701793671,0.614759147167206
Political Stability and Absence of Violence/Terrorism: Estimate,PV.EST,Ghana,GHA,-0.35938173532486,0.0606060847640038,-0.106807962059975,-0.0382289066910744,-0.138907715678215,0.0820363312959671,-0.0367385223507881,0.118470922112465,0.169862180948257,0.0657853037118912,-0.0659129694104195
Political Stability and Absence of Violence/Terrorism: Estimate,PV.EST,Greece,GRC,0.808356404304504,-0.171341717243195,-0.140445962548256,-0.235559731721878,-0.129703640937805,-0.081244558095932,0.153864294290543,0.162369400262833,0.115144267678261,0.101313188672066,0.0643030628561974
Political Stability and Absence of Violence/Terrorism: Estimate,PV.EST,Greenland,GRL,..,1.93195283412933,1.9245411157608,1.94708216190338,1.9642106294632,1.92758142948151,1.9365086555481,1.8871865272522,1.91047644615173,1.87737047672272,1.56596922874451
Political Stability and Absence of Violence/Terrorism: Estimate,PV.EST,Grenada,GRD,1.01925766468048,0.426174342632294,0.774568855762482,0.779747724533081,0.998592257499695,0.992373704910278,0.968616604804993,0.937967896461487,1.03254508972168,1.04016363620758,1.04379844665527
Political Stability and Absence of Violence/Terrorism: Estimate,PV.EST,Guam,GUM,..,0.798485517501831,0.750133275985718,0.786707043647766,0.652095139026642,0.678459286689758,0.697025716304779,0.883918046951294,0.888366281986237,0.877565145492554,0.808528244495392
Political Stability and Absence of Violence/Terrorism: Estimate,PV.EST,Guatemala,GTM,-0.768333911895752,-0.674156248569489,-0.655563533306122,-0.654437899589539,-0.545003712177277,-0.651365458965302,-0.538192272186279,-0.577349424362183,-0.415842652320862,-0.395547091960907,-0.30497133731842
Political Stability and Absence of Violence/Terrorism: Estimate,PV.EST,Guinea,GIN,-1.90759003162384,-1.22985172271729,-0.95524275302887,-0.386475414037704,-0.396070927381516,-0.69907408952713,-0.880607545375824,-0.842596650123596,-0.669287204742432,-0.939894258975983,-0.864391386508942
Political Stability and Absence of Violence/Terrorism: Estimate,PV.EST,Guinea-Bissau,GNB,-0.349449872970581,-0.899927616119385,-0.706451654434204,-0.51657909154892,-0.445275574922562,-0.497683495283127,-0.684850454330444,-0.561577141284943,-0.721676051616669,-0.280024617910385,-0.394830405712128
Political Stability and Absence of Violence/Terrorism: Estimate,PV.EST,Guyana,GUY,-0.48681977391243,-0.45660674571991,-0.136097595095634,-0.139641344547272,-0.0342189259827137,-0.0494407266378403,-0.191917717456818,-0.254104405641556,-0.13758060336113,-0.137163653969765,0.0270621627569199
Political Stability and Absence of Violence/Terrorism: Estimate,PV.EST,Haiti,HTI,-0.628624498844147,-0.631015360355377,-0.643627285957336,-0.671565055847168,-0.745547473430634,-0.676077306270599,-0.640176177024841,-0.887624740600586,-1.02747869491577,-1.12809944152832,-1.4062956571579
Political Stability and Absence of Violence/Terrorism: Estimate,PV.EST,Honduras,HND,-0.0785963833332062,-0.438611596822739,-0.534083962440491,-0.472757905721664,-0.437456160783768,-0.565637230873108,-0.531866431236267,-0.569066166877747,-0.448519617319107,-0.627824068069458,-0.552035331726074
Political Stability and Absence of Violence/Terrorism: Estimate,PV.EST,"Hong Kong SAR, China",HKG,0.935157179832459,0.922868311405182,1.15322852134705,1.03520536422729,0.73615837097168,0.818202197551727,0.776450574398041,-0.228379547595978,0.0566768497228622,0.263209611177444,0.61155503988266
Political Stability and Absence of Violence/Terrorism: Estimate,PV.EST,Hungary,HUN,0.918442904949188,0.796646118164063,0.669904828071594,0.737792491912842,0.64338093996048,0.796199262142181,0.737417697906494,0.761821568012238,0.836977124214172,0.798463761806488,0.635951280593872
Political Stability and Absence of Violence/Terrorism: Estimate,PV.EST,Iceland,ISL,1.57533061504364,1.28713369369507,1.24697458744049,1.29848098754883,1.34658873081207,1.33768498897552,1.39457714557648,1.61964797973633,1.37493765354156,1.3721786737442,1.26293528079987
Political Stability and Absence of Violence/Terrorism: Estimate,PV.EST,India,IND,-1.00120759010315,-1.22917413711548,-0.997911989688873,-0.954773545265198,-0.960426509380341,-0.774099051952362,-0.997705161571503,-0.796840608119965,-0.841136157512665,-0.691997945308685,-0.568608164787292
Political Stability and Absence of Violence/Terrorism: Estimate,PV.EST,Indonesia,IDN,-1.99520063400269,-0.51926463842392,-0.416824042797089,-0.619956314563751,-0.379699736833572,-0.504938900470734,-0.552077412605286,-0.502156674861908,-0.462322682142258,-0.531467199325562,-0.439423859119415
Political Stability and Absence of Violence/Terrorism: Estimate,PV.EST,"Iran, Islamic Rep.",IRN,-0.727548360824585,-1.24968659877777,-0.874987661838531,-0.924846887588501,-0.81402063369751,-0.933828711509705,-1.34214425086975,-1.71146535873413,-1.69916200637817,-1.58438456058502,-1.58643913269043
Political Stability and Absence of Violence/Terrorism: Estimate,PV.EST,Iraq,IRQ,-1.73264276981354,-2.01139044761658,-2.48033785820007,-2.25077962875366,-2.30333304405212,-2.29594826698303,-2.52095818519592,-2.6091480255127,-2.47469043731689,-2.38455939292908,-2.47392463684082
Political Stability and Absence of Violence/Terrorism: Estimate,PV.EST,Ireland,IRL,1.58410012722015,0.901075720787048,1.05299115180969,0.89533257484436,0.833849668502808,0.993408679962158,1.01116824150085,0.959303259849548,0.965446054935455,0.843531429767609,0.881889522075653
Political Stability and Absence of Violence/Terrorism: Estimate,PV.EST,Israel,ISR,-1.04199123382568,-1.10128474235535,-1.03973531723022,-1.09781730175018,-0.799367249011993,-0.894905567169189,-0.918106615543365,-0.815560400485992,-0.88781064748764,-1.1222825050354,-1.285315990448
Political Stability and Absence of Violence/Terrorism: Estimate,PV.EST,Italy,ITA,0.916669428348541,0.495499193668365,0.458165407180786,0.363257199525833,0.355933427810669,0.292909651994705,0.326139509677887,0.381040453910828,0.39929535984993,0.550413906574249,0.413505375385284
Political Stability and Absence of Violence/Terrorism: Estimate,PV.EST,Jamaica,JAM,0.186396479606628,0.182374373078346,0.0244925320148468,0.0859657227993011,0.295468419790268,0.298302531242371,0.423851728439331,0.388235539197922,0.258638471364975,0.217914655804634,0.379746347665787
Political Stability and Absence of Violence/Terrorism: Estimate,PV.EST,Japan,JPN,1.19755268096924,1.01914191246033,0.96859735250473,1.05422055721283,0.968189001083374,1.10012650489807,1.03735864162445,1.01969504356384,1.02606689929962,1.01535642147064,1.07391095161438
Political Stability and Absence of Violence/Terrorism: Estimate,PV.EST,"Jersey, Channel Islands",JEY,..,1.48505699634552,1.46495246887207,1.53304302692413,1.31914687156677,1.27743971347809,1.27012813091278,1.28007435798645,1.3287068605423,1.28442335128784,1.61947870254517
Political Stability and Absence of Violence/Terrorism: Estimate,PV.EST,Jordan,JOR,0.000209700621780939,-0.6063152551651,-0.540025532245636,-0.606864869594574,-0.496246248483658,-0.434904038906097,-0.379783809185028,-0.274439603090286,-0.267881631851196,-0.315793395042419,-0.296307682991028
Political Stability and Absence of Violence/Terrorism: Estimate,PV.EST,Kazakhstan,KAZ,0.0900903418660164,-0.402473896741867,0.0360181555151939,-0.0383530743420124,0.00146297342143953,0.0243722945451736,-0.0526988133788109,-0.167979881167412,-0.257630288600922,-0.231327518820763,-0.356833428144455
Political Stability and Absence of Violence/Terrorism: Estimate,PV.EST,Kenya,KEN,-1.06835269927979,-1.16693091392517,-1.28224718570709,-1.24134790897369,-1.35445654392242,-1.12843835353851,-1.17969214916229,-1.10573601722717,-1.00722682476044,-1.03241419792175,-0.943087220191956
Political Stability and Absence of Violence/Terrorism: Estimate,PV.EST,Kiribati,KIR,..,1.28392601013184,0.801865816116333,0.821486234664917,0.846926331520081,0.855434954166412,0.998590290546417,1.12423300743103,1.16373264789581,1.13891088962555,1.11602663993835
Political Stability and Absence of Violence/Terrorism: Estimate,PV.EST,"Korea, Dem. People's Rep.",PRK,-0.0151580581441522,-0.441554099321365,-1.13474333286285,-1.15174031257629,-0.684034168720245,-0.500023603439331,-0.34075191617012,-0.286907196044922,-0.378693789243698,-0.477292448282242,-0.412224322557449
Political Stability and Absence of Violence/Terrorism: Estimate,PV.EST,"Korea, Rep.",KOR,0.398045033216476,0.278578639030457,0.108568802475929,0.156361043453217,0.153576508164406,0.381892830133438,0.638081014156342,0.546021044254303,0.608559489250183,0.62952595949173,0.56241101026535
Political Stability and Absence of Violence/Terrorism: Estimate,PV.EST,Kosovo,XKX,..,-0.966146647930145,-0.340774536132813,-0.200406447052956,-0.285933345556259,-0.244493424892426,-0.675402104854584,-0.348640084266663,-0.279240250587463,-0.113625250756741,-0.252448588609695
Political Stability and Absence of Violence/Terrorism: Estimate,PV.EST,Kuwait,KWT,0.752232670783997,0.166055589914322,0.149006545543671,-0.219549298286438,-0.0565007105469704,-0.0512296371161938,0.0905337333679199,0.175113588571548,0.225190043449402,0.26298251748085,0.28121742606163
Political Stability and Absence of Violence/Terrorism: Estimate,PV.EST,Kyrgyz Republic,KGZ,-0.182534769177437,-0.911773800849915,-0.804615676403046,-0.882429659366608,-0.652019679546356,-0.362933784723282,-0.529558122158051,-0.266192227602005,-0.45618799328804,-0.467156112194061,-0.54657906293869
Political Stability and Absence of Violence/Terrorism: Estimate,PV.EST,Lao PDR,LAO,-0.577913403511047,0.0674438998103142,0.498692989349365,0.53887152671814,0.524906516075134,0.394011855125427,0.407829284667969,0.530268251895905,0.693885385990143,0.712418019771576,0.802727520465851
Political Stability and Absence of Violence/Terrorism: Estimate,PV.EST,Latvia,LVA,0.419434159994125,0.593635261058807,0.487268358469009,0.436310410499573,0.467219561338425,0.452953696250916,0.395304828882217,0.42679351568222,0.462128847837448,0.673323035240173,0.480724364519119
Political Stability and Absence of Violence/Terrorism: Estimate,PV.EST,Lebanon,LBN,-0.439044535160065,-1.69035339355469,-1.69794130325317,-1.69836449623108,-1.61568403244019,-1.62222683429718,-1.62153577804565,-1.67229104042053,-1.62113451957703,-1.48194456100464,-1.47351241111755
Political Stability and Absence of Violence/Terrorism: Estimate,PV.EST,Lesotho,LSO,0.0961097478866577,0.338074296712875,-0.332812041044235,-0.3187076151371,-0.244855865836143,-0.194125235080719,-0.188686534762383,-0.427999049425125,-0.253533631563187,-0.213269129395485,-0.134738370776176
Political Stability and Absence of Violence/Terrorism: Estimate,PV.EST,Liberia,LBR,-1.95288050174713,-0.475507080554962,-0.615449607372284,-0.817833304405212,-0.441768199205399,-0.32053479552269,-0.203764617443085,-0.339135408401489,-0.314182639122009,-0.286361515522003,-0.291599869728088
Political Stability and Absence of Violence/Terrorism: Estimate,PV.EST,Libya,LBY,-0.294286817312241,-1.84407651424408,-2.35340714454651,-2.18965125083923,-2.27473783493042,-2.35357475280762,-2.43496870994568,-2.56577134132385,-2.46227836608887,-2.30834579467773,-2.19796347618103
Political Stability and Absence of Violence/Terrorism: Estimate,PV.EST,Liechtenstein,LIE,1.16698145866394,1.39717161655426,1.45886182785034,1.43777513504028,1.45326995849609,1.45908296108246,1.45358550548553,1.59749317169189,1.66911089420319,1.59549152851105,1.64433610439301
Political Stability and Absence of Violence/Terrorism: Estimate,PV.EST,Lithuania,LTU,0.428785473108292,0.964532315731049,0.742136418819427,0.749750256538391,0.8147212266922,0.765564739704132,0.729063928127289,0.770523190498352,0.921403408050537,0.809718430042267,0.653739511966705
Political Stability and Absence of Violence/Terrorism: Estimate,PV.EST,Luxembourg,LUX,1.60547471046448,1.33524811267853,1.37832379341125,1.42636823654175,1.40361714363098,1.31289196014404,1.34725511074066,1.33317494392395,1.21239566802979,1.1939195394516,1.06388890743256
Political Stability and Absence of Violence/Terrorism: Estimate,PV.EST,"Macao SAR, China",MAC,0.486361712217331,0.757722914218903,1.20616853237152,1.18745315074921,1.39056718349457,1.40712821483612,1.22957813739777,1.2152909040451,1.13746881484985,1.02887463569641,1.12756788730621
Political Stability and Absence of Violence/Terrorism: Estimate,PV.EST,Madagascar,MDG,0.162798807024956,-0.659993410110474,-0.557235836982727,-0.427762925624847,-0.294186472892761,-0.302837580442429,-0.578839123249054,-0.313983827829361,-0.509343922138214,-0.542279779911041,-0.531038582324982
Political Stability and Absence of Violence/Terrorism: Estimate,PV.EST,Malawi,MWI,-0.325264573097229,-0.20580980181694,0.0810932070016861,0.0342932753264904,-0.116127513349056,-0.249828547239304,-0.431270897388458,-0.286847949028015,-0.118913285434246,-0.109315782785416,-0.152863919734955
Political Stability and Absence of Violence/Terrorism: Estimate,PV.EST,Malaysia,MYS,0.0926911979913712,0.0517915934324265,0.266619145870209,0.25394731760025,0.129485934972763,0.111208952963352,0.247989401221275,0.146066397428513,0.124463096261024,0.0587539859116077,0.140358164906502
Political Stability and Absence of Violence/Terrorism: Estimate,PV.EST,Maldives,MDV,1.18071973323822,0.125037372112274,0.679096162319183,0.411403715610504,0.408033192157745,0.224531188607216,0.0829711183905602,0.0276085305958986,0.362981379032135,0.534778356552124,0.667752325534821
Political Stability and Absence of Violence/Terrorism: Estimate,PV.EST,Mali,MLI,0.240109741687775,-1.72216212749481,-1.71398878097534,-1.6827712059021,-1.61284875869751,-1.90349066257477,-2.08446145057678,-2.21420574188232,-2.14628767967224,-2.33280539512634,-2.47940897941589
Political Stability and Absence of Violence/Terrorism: Estimate,PV.EST,Malta,MLT,1.58620870113373,1.04275786876678,1.12549698352814,1.05367743968964,1.06645977497101,1.23830723762512,1.27142131328583,1.0135281085968,0.998400986194611,0.887379705905914,0.913422584533691
Political Stability and Absence of Violence/Terrorism: Estimate,PV.EST,Marshall Islands,MHL,..,1.054114818573,0.989585757255554,1.00298595428467,0.83496367931366,1.03458595275879,0.998590290546417,1.1751024723053,0.983442306518555,0.933938026428223,1.05626726150513
Political Stability and Absence of Violence/Terrorism: Estimate,PV.EST,Martinique,MTQ,0.486361712217331,0.62666791677475,0.913897812366486,0.961817383766174,0.975613653659821,0.981489479541779,0.955986976623535,0.752166986465454,0.604191601276398,0.630220293998718,0.636192321777344
Political Stability and Absence of Violence/Terrorism: Estimate,PV.EST,Mauritania,MRT,0.345234483480453,-1.01476144790649,-0.589508354663849,-0.635684847831726,-0.748691558837891,-0.629497826099396,-0.632418096065521,-0.562930703163147,-0.700950503349304,-0.555529892444611,-0.507473766803741
Political Stability and Absence of Violence/Terrorism: Estimate,PV.EST,Mauritius,MUS,0.754748404026031,0.94480174779892,0.667965948581696,0.988632321357727,0.999218165874481,0.962364137172699,0.859399259090424,0.801905751228333,0.872974157333374,0.832465350627899,0.835721731185913
Political Stability and Absence of Violence/Terrorism: Estimate,PV.EST,Mexico,MEX,-0.200209870934486,-0.714223802089691,-0.853918790817261,-0.801780104637146,-0.633718132972717,-0.806073427200317,-0.673981010913849,-0.843628823757172,-0.791369318962097,-0.688360929489136,-0.691959738731384
Political Stability and Absence of Violence/Terrorism: Estimate,PV.EST,"Micronesia, Fed. Sts.",FSM,..,1.102858543396,0.984550714492798,1.01717150211334,1.03645646572113,1.16163265705109,1.31512069702148,1.0343405008316,1.1187299489975,1.20211470127106,1.21048414707184
Political Stability and Absence of Violence/Terrorism: Estimate,PV.EST,Moldova,MDA,-0.428261280059814,0.000808572047390044,-0.158987760543823,-0.326045989990234,-0.305498778820038,-0.314989507198334,-0.402226477861404,-0.387309908866882,-0.340128064155579,-0.205342084169388,-0.668324410915375
Political Stability and Absence of Violence/Terrorism: Estimate,PV.EST,Monaco,MCO,..,1.05624389648438,1.02334785461426,1.31492507457733,1.31531059741974,1.6150895357132,1.57725429534912,1.57721149921417,1.1772255897522,1.17249691486359,1.20484304428101
Political Stability and Absence of Violence/Terrorism: Estimate,PV.EST,Mongolia,MNG,0.821868121623993,0.491320788860321,0.791901171207428,0.711831986904144,0.787600100040436,0.783370971679688,0.831077039241791,0.636659681797028,0.71777218580246,0.705798923969269,0.533999085426331
Political Stability and Absence of Violence/Terrorism: Estimate,PV.EST,Montenegro,MNE,..,0.504595458507538,0.219455271959305,0.136638209223747,0.268716216087341,-0.062578022480011,0.0375925563275814,0.0580168217420578,-0.0612264648079872,-0.0525020584464073,-0.0591769814491272
Political Stability and Absence of Violence/Terrorism: Estimate,PV.EST,Morocco,MAR,-0.065564900636673,-0.493017613887787,-0.446265608072281,-0.344394981861115,-0.317617774009705,-0.378089100122452,-0.348556756973267,-0.345829725265503,-0.359539151191711,-0.402591288089752,-0.319889187812805
Political Stability and Absence of Violence/Terrorism: Estimate,PV.EST,Mozambique,MOZ,-0.125803381204605,-0.226966470479965,-0.336002737283707,-0.516435563564301,-1.09681463241577,-0.917248427867889,-0.833329558372498,-0.766716241836548,-1.28161418437958,-1.25935423374176,-1.28796994686127
Political Stability and Absence of Violence/Terrorism: Estimate,PV.EST,Myanmar,MMR,-1.67352259159088,-1.14037239551544,-1.08758068084717,-1.16666913032532,-0.808124959468842,-1.08409428596497,-1.26694679260254,-1.33045899868011,-1.51170456409454,-2.08396935462952,-2.21174263954163
Political Stability and Absence of Violence/Terrorism: Estimate,PV.EST,Namibia,NAM,-0.250100612640381,0.958809971809387,0.608740627765656,0.725260257720947,0.699528992176056,0.621905207633972,0.684950053691864,0.528806626796722,0.512376427650452,0.518684864044189,0.556306064128876
Political Stability and Absence of Violence/Terrorism: Estimate,PV.EST,Nauru,NRU,..,1.054114818573,0.601334393024445,1.08801794052124,1.1088570356369,0.931889772415161,0.944292485713959,0.792732000350952,0.7760409116745,0.78711211681366,0.880902826786041
Political Stability and Absence of Violence/Terrorism: Estimate,PV.EST,Nepal,NPL,-1.16382563114166,-1.12914609909058,-0.724599540233612,-0.997430026531219,-0.846989989280701,-0.58410120010376,-0.542416572570801,-0.452942907810211,-0.180229142308235,-0.188807815313339,-0.251907497644424
Political Stability and Absence of Violence/Terrorism: Estimate,PV.EST,Netherlands,NLD,1.75868117809296,1.14381539821625,1.04511535167694,0.912540197372437,0.896933197975159,0.907122313976288,0.838097333908081,0.821221172809601,0.830863893032074,0.892923951148987,0.717304825782776
Political Stability and Absence of Violence/Terrorism: Estimate,PV.EST,Netherlands Antilles,ANT,..,0.676403522491455,..,..,..,..,..,..,..,..,..
Political Stability and Absence of Violence/Terrorism: Estimate,PV.EST,New Zealand,NZL,1.36238181591034,1.45392656326294,1.46792757511139,1.51113760471344,1.50114333629608,1.56213212013245,1.51216089725494,1.41574943065643,1.46777844429016,1.3952362537384,1.31238234043121
Political Stability and Absence of Violence/Terrorism: Estimate,PV.EST,Nicaragua,NIC,-0.066172294318676,-0.249215871095657,-0.0407801233232021,-0.092195525765419,-0.0954835712909698,-0.0538232065737247,-0.950931131839752,-0.992481052875519,-0.58572518825531,-0.47199821472168,-0.34842848777771
Political Stability and Absence of Violence/Terrorism: Estimate,PV.EST,Niger,NER,0.124968029558659,-1.32179939746857,-1.17584049701691,-1.05970323085785,-1.10075747966766,-1.25950515270233,-1.35823786258698,-1.4049586057663,-1.66716468334198,-1.53848505020142,-1.47217929363251
Political Stability and Absence of Violence/Terrorism: Estimate,PV.EST,Nigeria,NGA,-1.45532631874084,-2.08847832679749,-2.1302764415741,-1.92170512676239,-1.87388896942139,-1.99671685695648,-2.09741425514221,-1.93307113647461,-1.89196145534515,-1.78729927539825,-1.79814147949219
Political Stability and Absence of Violence/Terrorism: Estimate,PV.EST,Niue,NIU,..,..,..,..,..,..,1.02867043018341,1.37638819217682,1.36252892017365,1.32527649402618,1.339968085289
Political Stability and Absence of Violence/Terrorism: Estimate,PV.EST,North Macedonia,MKD,-0.614017069339752,-0.416076391935349,0.256382942199707,-0.292592734098434,-0.355312615633011,-0.258881121873856,-0.21198371052742,0.00809326115995646,0.112023413181305,0.0624171979725361,0.11759065836668
Political Stability and Absence of Violence/Terrorism: Estimate,PV.EST,Norway,NOR,1.533282995224,1.3520919084549,1.11995851993561,1.14562010765076,1.18162095546722,1.15070021152496,1.12063598632813,1.14198648929596,1.22151875495911,1.08847510814667,0.860958337783813
Political Stability and Absence of Violence/Terrorism: Estimate,PV.EST,Oman,OMN,1.12142467498779,0.459530204534531,0.734907329082489,0.7780522108078,0.749765634536743,0.749311625957489,0.642036437988281,0.589168727397919,0.419728547334671,0.431887984275818,0.529911398887634
Political Stability and Absence of Violence/Terrorism: Estimate,PV.EST,Pakistan,PAK,-1.10480463504791,-2.60330200195313,-2.40127921104431,-2.47188353538513,-2.47387385368347,-2.39691042900085,-2.2538845539093,-2.25163745880127,-1.79264628887177,-1.7136561870575,-1.90026199817657
Political Stability and Absence of Violence/Terrorism: Estimate,PV.EST,Palau,PLW,..,1.054114818573,0.989585757255554,0.821486234664917,0.846926331520081,1.21373701095581,1.19479954242706,1.17167043685913,1.1660121679306,1.1722332239151,1.09686291217804
Political Stability and Absence of Violence/Terrorism: Estimate,PV.EST,Panama,PAN,0.251223832368851,-0.141260921955109,0.209008201956749,0.377415180206299,0.40072774887085,0.380333244800568,0.252037286758423,0.290878117084503,0.235460698604584,0.307120054960251,0.297832071781158
Political Stability and Absence of Violence/Terrorism: Estimate,PV.EST,Papua New Guinea,PNG,-0.207235515117645,-0.520246863365173,-0.339367091655731,-0.416289240121841,-0.504316508769989,-0.691195011138916,-0.656307816505432,-0.705046415328979,-0.653707087039948,-0.576708912849426,-0.609061777591705
Political Stability and Absence of Violence/Terrorism: Estimate,PV.EST,Paraguay,PRY,-0.970572590827942,-0.735861599445343,-0.0886275097727776,0.0352126285433769,0.13447080552578,-0.0028560443315655,-0.0868015140295029,-0.0180594231933355,0.0166849344968796,-0.00099959084764123,0.0359779521822929
Political Stability and Absence of Violence/Terrorism: Estimate,PV.EST,Peru,PER,-0.987529456615448,-0.805739760398865,-0.550656914710999,-0.398910075426102,-0.207934841513634,-0.263510197401047,-0.276951968669891,-0.1636593490839,-0.35773891210556,-0.355285465717316,-0.446338385343552
Political Stability and Absence of Violence/Terrorism: Estimate,PV.EST,Philippines,PHL,-1.39048433303833,-1.08425319194794,-0.713820934295654,-0.854724228382111,-1.37869036197662,-1.18929064273834,-1.09619224071503,-0.928045392036438,-0.778701364994049,-0.984003067016602,-0.712976396083832
Political Stability and Absence of Violence/Terrorism: Estimate,PV.EST,Poland,POL,0.309305250644684,0.973354995250702,0.842940807342529,0.862319052219391,0.496157646179199,0.50975513458252,0.480340898036957,0.550631165504456,0.49156528711319,0.4918013215065,0.500283241271973
Political Stability and Absence of Violence/Terrorism: Estimate,PV.EST,Portugal,PRT,1.39476406574249,0.74876344203949,0.8062744140625,0.904212951660156,0.958625793457031,1.10616815090179,1.11509525775909,1.05163240432739,1.00865364074707,0.937251269817352,0.860719680786133
Political Stability and Absence of Violence/Terrorism: Estimate,PV.EST,Puerto Rico,PRI,0.259488463401794,0.249155893921852,0.819992661476135,0.847117483615875,0.67782860994339,0.481969594955444,0.273657262325287,0.142603352665901,0.435303300619125,0.48798930644989,0.543191194534302
Political Stability and Absence of Violence/Terrorism: Estimate,PV.EST,Qatar,QAT,1.15730142593384,1.21254646778107,0.977457761764526,0.983597457408905,0.884123742580414,0.647981882095337,0.649283885955811,0.68427562713623,0.66954380273819,0.833261430263519,0.958558142185211
Political Stability and Absence of Violence/Terrorism: Estimate,PV.EST,Reunion,REU,..,0.423821240663528,0.257044076919556,0.263454973697662,0.290626764297485,0.293627709150314,0.237028524279594,0.209607616066933,0.198848009109497,0.226299986243248,0.260939806699753
Political Stability and Absence of Violence/Terrorism: Estimate,PV.EST,Romania,ROU,-0.379039525985718,0.179133072495461,0.0491361282765865,0.181799337267876,0.266823202371597,0.0485135391354561,0.0362158752977848,0.542171180248261,0.508895397186279,0.581680297851563,0.488021969795227
Political Stability and Absence of Violence/Terrorism: Estimate,PV.EST,Russian Federation,RUS,-1.39924204349518,-0.736093640327454,-0.943617463111877,-1.03222346305847,-0.947688162326813,-0.642759621143341,-0.538375675678253,-0.551099121570587,-0.667409420013428,-0.707901835441589,-0.918995440006256
Political Stability and Absence of Violence/Terrorism: Estimate,PV.EST,Rwanda,RWA,-1.69159471988678,-0.110951617360115,-0.313469648361206,0.00251837843097746,-0.0665186643600464,0.078270360827446,0.101642534136772,0.056940533220768,0.0694212764501572,0.0719058215618134,0.0305139776319265
Political Stability and Absence of Violence/Terrorism: Estimate,PV.EST,Samoa,WSM,1.28314232826233,0.989007890224457,1.1219048500061,1.16604828834534,1.17588353157043,1.16163265705109,1.13318884372711,1.16372573375702,1.14607357978821,1.10623216629028,1.07860910892487
Political Stability and Absence of Violence/Terrorism: Estimate,PV.EST,San Marino,SMR,..,1.054114818573,0.989585757255554,1.36598539352417,1.38275027275085,1.39288794994354,1.39100873470306,1.22583997249603,1.1772255897522,1.17249691486359,1.20484304428101
Political Stability and Absence of Violence/Terrorism: Estimate,PV.EST,Sao Tome and Principe,STP,1.15119981765747,0.111840724945068,0.18418300151825,0.13627190887928,0.215979158878326,0.183460846543312,0.515797019004822,0.500569343566895,0.489546567201614,0.585094690322876,0.607801914215088
Political Stability and Absence of Violence/Terrorism: Estimate,PV.EST,Saudi Arabia,SAU,0.227821603417397,-0.431784123182297,-0.285844653844833,-0.634387195110321,-0.472771108150482,-0.649576365947723,-0.660840630531311,-0.623455822467804,-0.650508463382721,-0.591131269931793,-0.362989008426666
Political Stability and Absence of Violence/Terrorism: Estimate,PV.EST,Senegal,SEN,-0.58789050579071,-0.0607228353619576,-0.198223099112511,-0.120225243270397,-0.22595489025116,-0.0557231269776821,-0.107445858418941,0.0375259704887867,-0.143128573894501,-0.179818049073219,-0.15329946577549
Political Stability and Absence of Violence/Terrorism: Estimate,PV.EST,Serbia,SRB,-1.64359843730927,-0.0756380930542946,0.184110775589943,0.234833031892776,0.133281603455544,0.083367332816124,0.00522133428603411,-0.0780941098928452,-0.170778825879097,-0.085266187787056,-0.172904297709465
Political Stability and Absence of Violence/Terrorism: Estimate,PV.EST,Seychelles,SYC,1.28314232826233,0.825588941574097,0.361632436513901,0.674569547176361,0.715953171253204,0.779472529888153,0.673826813697815,0.65869414806366,0.701772809028625,0.744613945484161,0.756404340267181
Political Stability and Absence of Violence/Terrorism: Estimate,PV.EST,Sierra Leone,SLE,-1.86868572235107,-0.174718275666237,-0.104039676487446,-0.106272891163826,-0.167113155126572,-0.0394270978868008,-0.088885597884655,-0.0569588094949722,-0.302403092384338,-0.0970258787274361,-0.0895016714930534
Political Stability and Absence of Violence/Terrorism: Estimate,PV.EST,Singapore,SGP,1.14111149311066,1.378178358078,1.18627142906189,1.29889214038849,1.47746896743774,1.59912312030792,1.46800899505615,1.4803055524826,1.43841421604156,1.44232499599457,1.45994246006012
Political Stability and Absence of Violence/Terrorism: Estimate,PV.EST,Slovak Republic,SVK,0.663586676120758,1.11951816082001,1.03912115097046,0.865759432315826,0.708230555057526,0.902730107307434,0.736512184143066,0.667275547981262,0.633921086788177,0.617806434631348,0.44343426823616
Political Stability and Absence of Violence/Terrorism: Estimate,PV.EST,Slovenia,SVN,0.886789321899414,0.882251679897308,0.965773403644562,0.947492003440857,0.979141891002655,0.866364181041718,0.894077658653259,0.801483511924744,0.701404273509979,0.755461394786835,0.706639647483826
Political Stability and Absence of Violence/Terrorism: Estimate,PV.EST,Solomon Islands,SLB,-0.732952654361725,0.300382703542709,0.470224827528,0.639986574649811,0.49175438284874,0.188087984919548,0.354402095079422,0.495676666498184,0.562479496002197,0.541670024394989,0.379514664411545
Political Stability and Absence of Violence/Terrorism: Estimate,PV.EST,Somalia,SOM,-1.94878721237183,-2.75868654251099,-2.51582813262939,-2.37008881568909,-2.34715795516968,-2.2499098777771,-2.24898767471313,-2.38628840446472,-2.58138513565063,-2.72717571258545,-2.48343443870544
Political Stability and Absence of Violence/Terrorism: Estimate,PV.EST,South Africa,ZAF,-0.227864950895309,-0.0462945364415646,-0.146388962864876,-0.220544874668121,-0.149085000157356,-0.284803956747055,-0.237621992826462,-0.283249706029892,-0.252887934446335,-0.750981390476227,-0.722118079662323
Political Stability and Absence of Violence/Terrorism: Estimate,PV.EST,South Sudan,SSD,..,-1.73032867908478,-2.64657664299011,-2.37200832366943,-2.41249680519104,-2.44623565673828,-2.43455958366394,-2.51834392547607,-2.19166994094849,-2.28720140457153,-2.21005392074585
Political Stability and Absence of Violence/Terrorism: Estimate,PV.EST,Spain,ESP,0.459468245506287,0.0120177594944835,0.243121743202209,0.24116013944149,0.402214497327805,0.270845115184784,0.275779157876968,0.292700946331024,0.411397874355316,0.509131908416748,0.265326976776123
Political Stability and Absence of Violence/Terrorism: Estimate,PV.EST,Sri Lanka,LKA,-1.90411269664764,-0.612895429134369,-0.330464035272598,0.0831826627254486,-0.0113400500267744,-0.0754485204815865,-0.139389723539352,-0.21556980907917,-0.0891569182276726,-0.376803755760193,-0.785569846630096
Political Stability and Absence of Violence/Terrorism: Estimate,PV.EST,St. Kitts and Nevis,KNA,..,0.958863377571106,0.572488188743591,0.564717531204224,0.606805443763733,0.628548622131348,0.677222847938538,0.700797915458679,0.929504930973053,0.949530005455017,0.94386225938797
Political Stability and Absence of Violence/Terrorism: Estimate,PV.EST,St. Lucia,LCA,1.22359979152679,0.85335773229599,0.816450417041779,0.837734758853912,0.998592257499695,0.974609792232513,0.993263125419617,0.906494319438934,0.864660143852234,0.831884622573853,0.869225919246674
Political Stability and Absence of Violence/Terrorism: Estimate,PV.EST,St. Vincent and the Grenadines,VCT,1.22359979152679,0.85335773229599,0.816450417041779,0.987564265727997,0.998592257499695,0.871098697185516,0.822919726371765,0.937967896461487,1.03254508972168,1.04016363620758,1.04379844665527
Political Stability and Absence of Violence/Terrorism: Estimate,PV.EST,Sudan,SDN,-2.24417304992676,-2.19300961494446,-2.36308455467224,-2.15515303611755,-2.33110570907593,-1.97152423858643,-1.82177793979645,-1.69619822502136,-1.65706396102905,-1.98757219314575,-1.99889421463013
Political Stability and Absence of Violence/Terrorism: Estimate,PV.EST,Suriname,SUR,0.212451234459877,0.132779225707054,0.249270841479301,0.249509304761887,0.152817890048027,0.119800709187984,0.0581610128283501,0.0876266658306122,0.418793022632599,0.348301738500595,0.39629203081131
Political Stability and Absence of Violence/Terrorism: Estimate,PV.EST,Sweden,SWE,1.39177203178406,1.12777805328369,1.06541478633881,0.932670474052429,1.00078213214874,0.968601584434509,0.921225249767303,1.01176965236664,0.99729984998703,1.01436281204224,0.902623057365417
Political Stability and Absence of Violence/Terrorism: Estimate,PV.EST,Switzerland,CHE,1.57881200313568,1.4011402130127,1.40265262126923,1.32649421691895,1.28985404968262,1.24231481552124,1.31924939155579,1.31083822250366,1.17615520954132,1.11522209644318,1.16113972663879
Political Stability and Absence of Violence/Terrorism: Estimate,PV.EST,Syrian Arab Republic,SYR,-0.180450946092606,-2.68114280700684,-2.74882411956787,-2.965176820755,-2.90603613853455,-2.61291766166687,-2.73627853393555,-2.73033118247986,-2.71175765991211,-2.65949296951294,-2.79725193977356
Political Stability and Absence of Violence/Terrorism: Estimate,PV.EST,"Taiwan, China",TWN,0.537106692790985,0.873134315013886,0.76641309261322,0.913135349750519,0.914119124412537,0.858921408653259,0.841866970062256,0.788220286369324,0.755755543708801,0.766792595386505,0.754162132740021
Political Stability and Absence of Violence/Terrorism: Estimate,PV.EST,Tajikistan,TJK,-1.64776349067688,-1.18237400054932,-0.69334077835083,-0.882318019866943,-0.78061830997467,-0.674310863018036,-0.74773895740509,-0.512072920799255,-0.500084042549133,-0.676817953586578,-0.694840013980865
Political Stability and Absence of Violence/Terrorism: Estimate,PV.EST,Tanzania,TZA,-0.701925754547119,-0.162120848894119,-0.597118556499481,-0.423460692167282,-0.448246777057648,-0.570162177085876,-0.580516219139099,-0.388441443443298,-0.480818122625351,-0.335592776536942,-0.265859961509705
Political Stability and Absence of Violence/Terrorism: Estimate,PV.EST,Thailand,THA,0.454958707094193,-1.31168270111084,-0.906386315822601,-0.995044946670532,-0.991300225257874,-0.754879355430603,-0.799434542655945,-0.49142050743103,-0.578276574611664,-0.568726181983948,-0.383099317550659
Political Stability and Absence of Violence/Terrorism: Estimate,PV.EST,Timor-Leste,TLS,0.440978795289993,-0.384680241346359,-0.179694876074791,-0.271709710359573,-0.017668042331934,0.0663820803165436,0.233176738023758,0.243016809225082,0.197355657815933,0.192315369844437,0.27340030670166
Political Stability and Absence of Violence/Terrorism: Estimate,PV.EST,Togo,TGO,-0.290849715471268,-0.353710830211639,-0.16712686419487,-0.232123047113419,-0.17511710524559,-0.874444484710693,-0.886004209518433,-0.908243715763092,-0.890690088272095,-0.695711433887482,-0.711050152778625
Political Stability and Absence of Violence/Terrorism: Estimate,PV.EST,Tonga,TON,..,0.935446381568909,0.847196459770203,0.868294656276703,0.897029459476471,0.771566808223724,0.833516359329224,1.03778612613678,1.0890086889267,1.0789657831192,1.11424672603607
Political Stability and Absence of Violence/Terrorism: Estimate,PV.EST,Trinidad and Tobago,TTO,0.153456091880798,0.0936860963702202,0.247864335775375,0.279361039400101,0.277257770299912,0.269298404455185,0.230616614222527,0.081537127494812,0.110377036035061,0.239029332995415,0.357974648475647
Political Stability and Absence of Violence/Terrorism: Estimate,PV.EST,Tunisia,TUN,0.321114897727966,-0.902563273906708,-0.851661503314972,-0.960177004337311,-1.13972234725952,-1.02349030971527,-0.868218719959259,-0.877072870731354,-0.59433114528656,-0.756551444530487,-0.596295177936554
Political Stability and Absence of Violence/Terrorism: Estimate,PV.EST,Turkiye,TUR,-0.80017364025116,-1.24993252754211,-1.08603596687317,-1.49530971050262,-2.00721478462219,-1.78637540340424,-1.31516599655151,-1.37813580036163,-1.14386320114136,-1.1367609500885,-1.03986501693726
Political Stability and Absence of Violence/Terrorism: Estimate,PV.EST,Turkmenistan,TKM,0.0084470622241497,0.249095499515533,0.0742060318589211,-0.0895711407065392,-0.195148065686226,-0.128823503851891,-0.0129793277010322,-0.178149864077568,-0.201663821935654,-0.332011014223099,-0.100280806422234
Political Stability and Absence of Violence/Terrorism: Estimate,PV.EST,Tuvalu,TUV,..,1.28392601013184,1.29932725429535,1.36598539352417,1.38275027275085,1.21373701095581,1.39100873470306,1.17167043685913,1.21819925308228,1.26768326759338,1.18453228473663
Political Stability and Absence of Violence/Terrorism: Estimate,PV.EST,Uganda,UGA,-1.24837958812714,-0.838690638542175,-0.9411261677742,-0.804575800895691,-0.71827632188797,-0.569948792457581,-0.701724708080292,-0.694264531135559,-0.811034500598907,-0.937743246555328,-0.807034194469452
Political Stability and Absence of Violence/Terrorism: Estimate,PV.EST,Ukraine,UKR,-0.409486442804337,-0.777284979820251,-2.02083349227905,-1.95953238010406,-1.8533319234848,-1.86741673946381,-1.87208938598633,-1.42832672595978,-1.16391623020172,-1.12695300579071,-1.99760496616364
Political Stability and Absence of Violence/Terrorism: Estimate,PV.EST,United Arab Emirates,ARE,0.975434422492981,0.894792199134827,0.7689089179039,0.748049259185791,0.549646139144897,0.601948618888855,0.689086735248566,0.667445123195648,0.592546582221985,0.597461223602295,0.700785338878632
Political Stability and Absence of Violence/Terrorism: Estimate,PV.EST,United Kingdom,GBR,1.03310573101044,0.48620143532753,0.415347635746002,0.503706395626068,0.347932636737823,0.380708187818527,0.07756457477808,0.527470409870148,0.481457024812698,0.4898921251297,0.503939092159271
Political Stability and Absence of Violence/Terrorism: Estimate,PV.EST,United States,USA,1.08280909061432,0.643072605133057,0.582419633865356,0.662890195846558,0.385635316371918,0.26220178604126,0.386042565107346,0.117876663804054,-0.0269290637224913,-0.0148778762668371,-0.0360050275921822
Political Stability and Absence of Violence/Terrorism: Estimate,PV.EST,Uruguay,URY,0.929349541664124,0.804738223552704,0.99187958240509,0.994889318943024,1.04852175712585,1.04009079933167,1.02394342422485,1.02817916870117,1.05488479137421,1.04582393169403,1.09546458721161
Political Stability and Absence of Violence/Terrorism: Estimate,PV.EST,Uzbekistan,UZB,-1.30195045471191,-0.536078989505768,-0.273108631372452,-0.374532461166382,-0.280753701925278,-0.244979038834572,-0.304469525814056,-0.296665459871292,-0.436710476875305,-0.252974152565002,-0.196214869618416
Political Stability and Absence of Violence/Terrorism: Estimate,PV.EST,Vanuatu,VUT,1.22359979152679,1.1603866815567,0.636045277118683,0.458486795425415,0.489710420370102,0.67628401517868,0.802380979061127,1.00210762023926,0.88242495059967,0.900379121303558,0.949675500392914
Political Stability and Absence of Violence/Terrorism: Estimate,PV.EST,"Venezuela, RB",VEN,-0.758916974067688,-1.07763242721558,-0.852002203464508,-0.971670269966125,-1.0229766368866,-1.25151371955872,-1.35144245624542,-1.53918147087097,-1.55198740959167,-1.45388782024384,-1.25646221637726
Political Stability and Absence of Violence/Terrorism: Estimate,PV.EST,Vietnam,VNM,0.408773571252823,0.25057727098465,-0.0223473571240902,0.0638082250952721,0.226832523941994,0.211421594023705,0.0327426008880138,0.0389102399349213,-0.0385358110070229,-0.118189707398415,-0.0305646620690823
Political Stability and Absence of Violence/Terrorism: Estimate,PV.EST,Virgin Islands (U.S.),VIR,..,0.846709191799164,1.16425490379333,1.22000181674957,0.975613653659821,0.981489479541779,0.955986976623535,1.0513995885849,1.00336503982544,0.476192206144333,0.563698709011078
Political Stability and Absence of Violence/Terrorism: Estimate,PV.EST,West Bank and Gaza,PSE,-1.57441258430481,-1.77882349491119,-1.98501086235046,-2.1540961265564,-1.97087836265564,-1.65064537525177,-1.80479407310486,-1.88934803009033,-2.01818037033081,-1.83683395385742,-1.81788623332977
Political Stability and Absence of Violence/Terrorism: Estimate,PV.EST,"Yemen, Rep.",YEM,-1.14544129371643,-2.37482810020447,-2.66557502746582,-2.66801619529724,-2.78448867797852,-2.93431544303894,-2.9960310459137,-2.77087378501892,-2.64764642715454,-2.58030962944031,-2.47688031196594
Political Stability and Absence of Violence/Terrorism: Estimate,PV.EST,Zambia,ZMB,0.0357203297317028,0.435933291912079,0.156212016940117,0.144709780812263,0.132928282022476,0.142042592167854,0.0825254991650581,-0.117029570043087,-0.131005376577377,0.0523477457463741,0.102313563227654
Political Stability and Absence of Violence/Terrorism: Estimate,PV.EST,Zimbabwe,ZWE,-1.31881785392761,-0.665949761867523,-0.713570177555084,-0.619207262992859,-0.620809733867645,-0.710430860519409,-0.721038401126862,-0.943286120891571,-1.05272817611694,-0.954425930976868,-0.884499907493591
,,,,,,,,,,,,,,
,,,,,,,,,,,,,,
,,,,,,,,,,,,,,
Data from database: Worldwide Governance Indicators,,,,,,,,,,,,,,
Last Updated: 09/29/2023,,,,,,,,,,,,,,
